code,country,region,pop,PPP,GDP,PPPpc,GDPpc,HDI,KOFec,KOFsoc,KOFpol,trade,FDIins,FDIouts,FDIinf,FDIoutf,trust,tYear,tSource,ethFrac,langFractE,langFracD,reliFrac,reli,gini,voice,demo,stab,govEff,regQual,ROLwb,ROLwjp,CORwb,fragil
AFG,Afghanistan,Southern Asia,30552.0,NA,20496.8,NA,NA,0.374,NA,17.4,48.1,32.0,1568.9,NA,69.3,NA,NA,NA,NA,0.769,0.790,0.325,0.272,97,NA,-1.32,2.48,-2.42,-1.40,-1.21,-1.72,0.34,-1.41,4.22
ALB,Albania,Southern Europe,3173.0,28211.4,12648.1,9962.6,4466.9,0.749,61.9,42.1,71.1,54.2,4885.4,206.1,1225.5,39.8,51.2,2002,World Values Survey Wave 1-4 (1981-2004),0.220,0.563,0.028,0.472,39,NA,0.01,5.67,-0.16,-0.28,0.17,-0.57,0.49,-0.72,2.19
DZA,Algeria,Northern Africa,39208.0,474759.2,205788.8,13195.0,5518.0,0.713,39.7,34.9,83.7,58.7,23264.1,2133.2,1691.0,-268.0,38.6,2014,World Values Survey Wave 6 (2010-2014),0.339,0.354,0.046,0.009,95,NA,-0.91,3.83,-1.34,-0.55,-1.29,-0.79,NA,-0.54,2.61
AGO,Angola,Middle Africa,21472.0,142979.3,114147.0,7288.0,5311.3,0.508,62.1,21.7,48.5,85.0,1937.1,9877.0,-4284.8,2086.8,NA,NA,NA,0.787,0.778,0.038,0.628,NA,42.7,-1.08,3.35,-0.38,-1.02,-0.98,-1.28,NA,-1.29,2.44
ARG,Argentina,South America,41446.0,NA,475501.7,NA,NA,0.811,39.5,52.6,93.1,31.5,110704.3,32913.6,9082.0,1225.0,40.4,2010,World Values Survey Wave 6 (2010-2014),0.255,0.168,0.127,0.224,66,44.5,0.25,6.84,0.07,-0.25,-0.96,-0.71,0.50,-0.49,2.26
ARM,Armenia,Western Asia,2977.0,20192.6,9950.5,6696.1,3363.2,0.729,64.3,45.1,50.6,57.2,5062.7,169.2,370.0,16.5,21.2,2011,World Values Survey Wave 6 (2010-2014),0.127,0.125,0.096,0.458,73,31.3,-0.57,4.09,0.11,-0.04,0.33,-0.40,NA,-0.53,2.23
AUS,Australia,Oceania,23343.0,955980.5,1532407.9,42000.4,65463.9,0.938,77.7,82.2,91.3,33.8,610516.8,424450.3,49826.2,6363.9,103.6,2012,World Values Survey Wave 6 (2010-2014),0.093,0.211,0.039,0.821,NA,NA,1.50,9.22,1.00,1.61,1.77,1.75,0.80,2.00,1.46
AUT,Austria,Western Europe,8495.0,360521.9,394454.3,42978.1,49589.8,0.895,85.1,91.5,96.5,87.3,158109.4,215364.2,11082.7,13940.0,70.2,1999,World Values Survey Wave 1-4 (1981-2004),0.107,0.122,0.042,0.415,NA,NA,1.46,8.62,1.33,1.56,1.51,1.84,0.82,1.35,1.28
AZE,Azerbaijan,Western Asia,9413.0,144513.9,66604.6,15962.9,7285.0,0.734,60.5,50.7,59.5,63.5,11117.6,7517.2,2632.0,1490.0,32.8,2011,World Values Survey Wave 6 (2010-2014),0.205,0.457,0.349,0.490,50,NA,-1.26,3.15,-0.69,-0.78,-0.47,-0.81,NA,-1.07,2.36
BGD,Bangladesh,Southern Asia,156595.0,419214.9,116355.1,2800.4,874.1,0.515,33.8,24.4,77.5,50.9,7155.9,159.0,1599.1,32.3,47.7,2002,World Values Survey Wave 1-4 (1981-2004),0.045,0.386,0.034,0.209,99,32.1,-0.42,5.86,-1.35,-0.83,-0.96,-0.91,0.39,-0.87,2.62
BLR,Belarus,Eastern Europe,9357.0,157283.9,63267.0,16603.1,5595.7,0.793,53.9,61.2,66.2,146.0,14425.9,402.6,2232.7,172.7,72.7,2011,World Values Survey Wave 6 (2010-2014),0.322,0.447,0.037,0.612,34,26.5,-1.54,3.04,0.02,-0.94,-1.10,-0.92,0.51,-0.52,2.67
BEL,Belgium,Western Europe,11104.0,440137.9,482951.3,40092.7,46758.9,0.897,89.4,90.2,96.7,182.3,1010966.9,1037782.4,-2405.9,-26371.6,63.0,1999,World Values Survey Wave 1-4 (1981-2004),0.555,0.697,0.110,0.213,NA,NA,1.35,8.05,0.90,1.59,1.22,1.40,0.76,1.55,1.38
BEN,Benin,Western Africa,10323.0,16071.1,7557.3,1766.1,801.1,0.436,35.5,25.7,74.1,47.6,912.3,12.7,320.1,45.8,56.2,2005,Globalbarometer - Round 1,0.787,0.929,0.075,0.554,NA,NA,0.07,6.00,0.31,-0.53,-0.39,-0.64,NA,-0.92,2.64
BOL,Bolivia (Plurinational State of),South America,10671.0,56389.6,27035.1,5557.0,2360.1,0.675,53.9,35.5,77.8,70.3,8808.9,7.7,1749.6,0.0,48.8,2008,Latinobar½metro 1995-2008,0.740,0.551,0.650,0.209,89,38.7,-0.13,5.84,-0.50,-0.37,-0.83,-1.04,0.39,-0.70,2.56
BIH,Bosnia and Herzegovina,Southern Europe,3829.0,36971.9,17466.0,9628.8,4956.6,0.735,64.5,62.3,77.8,86.9,7771.4,285.7,331.7,-12.6,32.4,2001,World Values Survey Wave 1-4 (1981-2004),0.630,0.601,0.053,0.685,70,NA,-0.14,5.11,-0.54,-0.47,-0.06,-0.23,0.55,-0.30,2.04
BWA,Botswana,Southern Africa,2021.0,27229.3,14504.3,13408.6,7380.6,0.634,51.4,40.4,40.9,96.5,1317.8,585.1,188.2,-0.3,12.3,2005,Globalbarometer - Round 1,0.410,0.511,0.076,0.599,NA,NA,0.50,7.85,1.11,0.44,0.69,0.66,0.67,0.94,1.89
BRA,Brazil,South America,200362.0,2816317.1,2252664.1,14639.4,12873.8,0.73,51.6,43.6,94.7,21.1,702208.2,232848.0,64045.3,-3495.8,17.5,2008,Latinobar½metro 1995-2008,0.541,0.054,0.011,0.605,87,54.7,0.43,7.12,0.07,-0.12,0.09,-0.11,0.54,-0.07,2.60
BGR,Bulgaria,Eastern Europe,7223.0,114060.6,50972.1,15522.0,7283.7,0.782,75.5,58.5,84.4,116.6,49870.6,1867.3,1450.4,179.4,50.9,2006,World Values Survey Wave 5 (2005-2008),0.402,0.217,0.178,0.597,NA,NA,0.38,6.72,0.33,0.14,0.54,-0.12,0.53,-0.24,1.79
BFA,Burkina Faso,Western Africa,16935.0,22786.1,10726.3,1342.9,608.1,0.343,35.2,27.0,75.8,51.3,430.7,8.5,374.3,82.9,33.6,2007,World Values Survey Wave 5 (2005-2008),0.738,0.762,0.091,0.580,NA,39.8,-0.35,3.52,-0.62,-0.63,-0.12,-0.43,0.51,-0.52,2.64
BDI,Burundi,Eastern Africa,10163.0,6106.5,2472.4,712.1,240.4,0.355,23.1,21.5,60.2,36.8,9.0,1.3,6.8,0.0,NA,NA,NA,0.295,0.002,0.001,0.516,98,NA,-0.93,3.60,-1.68,-1.33,-0.96,-1.09,NA,-1.46,3.13
KHM,Cambodia,South-Eastern Asia,15135.0,38652.0,14038.4,2717.0,901.8,0.543,63.1,26.9,61.7,136.8,8413.1,422.7,1396.0,42.0,15.6,2008,East-Asian barometer 2005-2008,0.211,0.116,0.094,0.097,96,36.0,-0.98,4.96,-0.58,-0.90,-0.93,-1.02,0.40,-1.24,2.54
CMR,Cameroon,Middle Africa,22254.0,55215.7,25321.6,2756.6,1327.4,0.495,41.1,26.3,72.1,45.8,5238.5,1015.0,572.0,135.1,NA,NA,NA,0.864,0.972,0.248,0.734,NA,NA,-1.03,3.44,1.09,1.75,1.69,1.75,0.39,1.92,2.78
CAN,Canada,Northern America,35182.0,1416166.8,1779634.7,41068.8,51571.9,0.911,76.1,88.9,94.1,52.2,636972.5,715053.3,62324.7,42636.4,85.9,2006,World Values Survey Wave 5 (2005-2008),0.712,0.601,0.129,0.696,42,NA,1.45,9.08,0.78,0.10,0.04,0.48,0.78,0.81,1.32
CAF,Central African Republic,Middle Africa,4616.0,4024.5,2184.2,897.0,486.4,0.352,34.7,18.3,62.2,24.3,618.7,43.2,0.8,0.0,NA,NA,NA,0.830,0.959,0.385,0.792,NA,NA,-1.26,1.99,-1.87,-1.46,-1.09,-1.45,NA,-0.89,3.53
TCD,Chad,Middle Africa,12825.0,22860.9,12887.1,1983.5,1052.7,0.34,38.9,21.6,60.7,50.4,4200.1,70.3,538.4,0.0,NA,NA,NA,0.862,0.945,0.591,0.641,95,NA,-1.33,1.62,-1.07,-1.49,-1.08,-1.45,NA,-1.25,3.09
CHL,Chile,South America,17620.0,349100.0,269869.3,20216.3,14546.4,0.819,80.8,52.5,89.7,58.6,206593.7,97141.3,20258.2,10922.9,27.2,2011,World Values Survey Wave 6 (2010-2014),0.186,0.047,0.030,0.384,70,52.1,1.04,7.54,0.35,1.25,1.54,1.37,0.68,1.56,1.87
CHN,China,Eastern Asia,1385567.0,13495910.4,8227102.6,10056.7,5456.1,0.699,50.7,52.4,85.9,47.0,832882.0,509000.7,123911.0,101000.0,125.1,2012,World Values Survey Wave 6 (2010-2014),0.154,0.511,0.107,0.664,NA,42.1,-1.58,3.00,-0.54,0.01,-0.26,-0.49,0.45,-0.48,2.41
COL,Colombia,South America,48321.0,534994.2,369606.3,11360.5,7142.2,0.719,57.2,46.6,80.6,32.3,111924.0,31633.5,16771.7,7651.9,8.9,2012,World Values Survey Wave 6 (2010-2014),0.601,0.021,0.026,0.148,83,55.9,-0.11,6.63,-1.40,0.01,0.39,-0.39,0.49,-0.43,3.24
COD,Congo. Dem. Rep.,Middle Africa,67514.0,44352.4,17204.0,654.6,371.5,0.534,54.6,15.2,63.8,72.1,4487.6,735.5,2098.2,400.7,NA,NA,NA,0.875,0.948,0.376,0.702,NA,NA,-1.52,1.92,-2.12,-1.66,-1.51,-1.65,NA,-1.30,3.69
COG,Congo. Rep.,Middle Africa,4448.0,24136.0,13677.9,5830.3,3574.5,0.304,68.5,27.9,43.5,118.4,21011.9,0.0,2038.3,0.0,NA,NA,NA,0.875,0.834,0.511,0.664,94,NA,-1.16,2.89,-0.48,-1.20,-1.38,-1.12,NA,-1.19,2.76
CRI,Costa Rica,Central America,4872.0,59837.5,45104.0,13030.4,8935.1,0.773,62.4,63.0,60.1,64.2,18712.9,1570.5,2652.0,273.4,48.9,2008,Latinobar½metro 1995-2008,0.237,0.042,0.049,0.241,79,50.7,1.06,8.10,0.63,0.49,0.57,0.47,NA,0.58,2.01
CIV,Cote d'Ivoire,Western Africa,20316.0,53785.9,24680.4,2668.9,1290.9,0.432,53.6,30.5,73.7,89.7,7653.3,71.6,371.0,33.2,NA,NA,NA,0.820,0.917,0.085,0.755,88,NA,-0.79,3.25,-1.26,-1.11,-0.77,-1.11,0.46,-0.91,3.39
HRV,Croatia,Southern Europe,4290.0,86838.3,59228.2,20308.3,14429.2,0.805,71.8,70.5,85.7,55.9,31609.2,4506.0,580.1,-187.3,38.7,1999,World Values Survey Wave 1-4 (1981-2004),0.369,0.201,0.010,0.445,70,NA,0.48,6.93,0.58,0.70,0.44,0.21,0.57,-0.04,1.70
CUB,Cuba,Caribbean,11266.0,NA,NA,NA,NA,0.78,NA,41.7,64.2,NA,NA,NA,NA,NA,NA,NA,NA,0.591,0.001,0.000,0.506,NA,NA,-1.43,3.52,0.32,-0.42,-1.60,-0.64,NA,0.30,2.21
CZE,Czech Republic,Eastern Europe,10702.0,283887.9,196446.2,27045.4,20591.8,0.873,83.7,82.2,86.9,151.3,136442.4,15176.0,4990.4,3294.1,48.8,1999,World Values Survey Wave 1-4 (1981-2004),0.322,0.096,0.008,0.659,NA,NA,0.93,8.19,1.04,0.92,1.06,1.01,0.67,0.23,1.42
DNK,Denmark,Northern Europe,5619.0,233022.3,315163.1,41842.7,60030.4,0.901,83.4,86.8,93.9,63.2,147672.1,229470.2,2083.2,9169.7,131.9,1999,World Values Survey Wave 1-4 (1981-2004),0.082,0.096,0.018,0.233,19,NA,1.69,9.52,0.90,1.97,1.79,1.85,0.88,2.39,1.09
DOM,Dominican Republic,Caribbean,10404.0,108968.1,59047.2,10857.9,5541.3,0.702,58.3,65.8,58.6,45.0,24728.5,0.0,1990.5,-21.0,74.7,2008,Latinobar½metro 1995-2008,0.429,0.040,0.051,0.312,87,47.2,0.05,6.49,0.23,-0.55,-0.14,-0.70,0.47,-0.83,2.59
ECU,Ecuador,South America,15738.0,151620.4,84039.9,9931.5,5225.8,0.724,43.1,47.0,81.1,58.5,13078.7,479.6,702.8,62.3,14.5,2013,World Values Survey Wave 6 (2010-2014),0.655,0.188,0.243,0.142,82,49.3,-0.33,5.78,-0.60,-0.51,-1.04,-1.16,0.45,-0.66,2.57
EGY,Egypt. Arab. Rep.,Northern Africa,82056.0,843829.0,262831.9,10598.5,2887.5,0.662,46.0,42.5,94.2,37.7,75410.0,6285.0,5553.0,301.0,43.0,2012,World Values Survey Wave 6 (2010-2014),0.184,0.516,0.048,0.198,97,NA,-0.74,4.56,-1.48,-0.77,-0.49,-0.45,0.45,-0.57,2.79
SLV,El Salvador,Central America,6340.0,45998.4,23864.4,7357.2,3701.0,0.68,61.5,48.6,79.9,65.4,8634.9,5.7,140.1,2.9,60.4,2008,Latinobar½metro 1995-2008,0.198,0.004,0.004,0.356,83,48.3,-0.08,6.47,0.21,-0.14,0.32,-0.75,0.48,-0.38,2.69
ERI,Eritrea,Eastern Africa,6333.0,NA,3091.8,NA,NA,0.351,NA,24.3,31.0,45.9,779.1,0.0,43.9,NA,NA,NA,NA,0.652,0.628,0.178,0.425,NA,NA,-2.15,2.40,-0.69,-1.51,-2.24,-1.36,NA,-0.65,2.40
ETH,Ethiopia,Eastern Africa,94101.0,102878.8,41717.8,1214.1,353.4,0.396,25.1,15.6,83.4,36.1,5803.1,0.0,953.0,NA,55.2,2007,World Values Survey Wave 5 (2005-2008),0.724,0.855,0.109,0.625,NA,33.6,-1.28,3.72,-1.54,-0.44,-1.07,-0.66,0.42,-0.60,2.77
FIN,Finland,Northern Europe,5426.0,208012.2,247386.6,38610.9,48685.7,0.892,85.8,83.5,89.4,60.1,89991.7,142312.8,-1064.8,4035.0,117.5,2005,World Values Survey Wave 5 (2005-2008),0.132,0.121,0.121,0.253,NA,NA,1.62,9.06,1.38,2.21,1.82,1.94,0.84,2.22,1.31
FRA,France,Western Europe,64291.0,2369589.1,2611199.8,36391.0,42727.9,0.893,67.9,86.7,97.8,47.6,1094961.2,1496795.2,4875.5,-2554.6,37.9,2006,World Values Survey Wave 5 (2005-2008),0.103,0.187,0.097,0.403,30,NA,1.22,7.88,0.55,1.33,1.11,1.43,0.74,1.42,1.67
GAB,Gabon,Middle Africa,1672.0,25289.8,18377.1,16483.3,11113.9,0.683,52.4,40.4,52.9,86.5,4268.9,835.6,856.0,84.5,NA,NA,NA,0.796,0.773,0.137,0.667,NA,NA,-0.85,3.56,0.31,-0.78,-0.51,-0.45,NA,-0.55,2.36
GMB,Gambia,Western Africa,1849.0,2676.0,907.4,1506.7,508.3,0.439,53.5,42.9,65.4,52.9,781.8,0.0,25.3,NA,NA,NA,NA,0.786,0.772,0.094,0.097,NA,NA,-1.25,3.31,0.01,-0.51,-0.23,-0.54,NA,-0.64,2.43
GEO,Georgia,Western Asia,4341.0,28346.0,15747.3,6342.5,3230.7,0.745,80.1,54.5,51.1,64.9,10615.4,1195.2,1009.7,112.9,38.2,2008,World Values Survey Wave 5 (2005-2008),0.492,0.582,0.453,0.654,81,42.1,-0.02,5.53,-0.67,0.57,0.68,-0.03,0.60,0.25,2.61
DEU,Germany,Western Europe,82727.0,3352099.1,3425928.3,40989.7,44364.8,0.92,65.7,83.7,92.4,75.1,716344.0,1547185.2,26720.8,57549.6,90.8,2013,World Values Survey Wave 6 (2010-2014),0.168,0.378,0.067,0.657,40,NA,1.38,8.34,0.77,1.57,1.53,1.64,0.80,1.78,1.38
GHA,Ghana,Western Africa,25905.0,85526.1,40710.8,3425.7,1584.8,0.558,53.2,32.4,84.1,73.7,16621.8,109.4,3226.3,8.8,10.0,2011,World Values Survey Wave 6 (2010-2014),0.673,0.835,0.050,0.799,95,NA,0.41,6.02,0.10,-0.07,0.12,-0.03,0.57,-0.09,2.38
GRC,Greece,Southern Europe,11128.0,300833.7,248938.7,26622.5,25653.7,0.86,72.4,79.9,91.8,37.9,37800.8,43727.6,2566.5,-626.7,54.6,1999,World Values Survey Wave 1-4 (1981-2004),NA,0.134,0.041,NA,NA,NA,0.65,7.65,-0.23,0.31,0.50,0.39,0.59,-0.25,2.17
GTM,Guatemala,Central America,15468.0,102391.2,50233.7,6971.3,3246.9,0.581,58.9,46.5,83.7,54.0,8913.5,438.1,1308.9,34.0,51.9,2008,Latinobar½metro 1995-2008,0.512,0.538,0.518,0.375,88,NA,-0.39,5.88,-0.65,-0.76,-0.18,-1.10,0.44,-0.61,2.84
GIN,Guinea,Western Africa,11745.0,13154.6,5631.6,1286.9,489.5,0.355,41.9,23.5,73.7,65.7,3415.6,143.5,24.8,3.4,NA,NA,NA,0.739,0.753,0.078,0.265,NA,NA,-1.08,2.79,-1.28,-1.27,-1.02,-1.44,NA,-1.11,2.87
GNB,Guinea-Bissau,Western Africa,1704.0,2111.2,822.3,1364.7,636.5,0.364,33.8,24.5,63.1,46.2,102.2,6.0,14.5,0.3,NA,NA,NA,0.808,0.867,0.278,0.613,NA,NA,-1.41,1.43,-0.93,-1.24,-1.24,-1.52,NA,-1.22,3.07
HTI,Haiti,Caribbean,10317.0,15579.0,7843.5,1556.5,734.0,0.456,47.2,27.9,48.1,46.2,963.0,2.0,190.0,0.0,NA,NA,NA,0.095,0.000,0.000,0.470,NA,NA,-0.80,3.96,-0.79,-1.63,-0.95,-1.34,NA,-1.24,2.53
HND,Honduras,Central America,8098.0,33791.2,18434.0,4349.4,2282.2,0.632,64.7,44.6,72.0,103.6,9023.8,80.6,1059.7,26.3,47.0,2008,Latinobar½metro 1995-2008,0.187,0.045,0.046,0.236,84,57.0,-0.51,5.84,-0.40,-0.72,-0.20,-1.17,NA,-0.94,2.99
HKG,Hong Kong SAR (China),Eastern Asia,7154.0,354490.5,263259.4,50128.8,35172.5,0.906,NA,NA,NA,397.9,1422375.1,1309849.0,76632.8,91529.9,82.4,2005,World Values Survey Wave 5 (2005-2008),0.062,0.126,NA,0.419,NA,NA,0.62,6.42,0.98,1.82,1.94,1.56,0.76,1.71,NA
HUN,Hungary,Eastern Europe,9955.0,223497.1,124600.5,22413.1,13790.3,0.831,86.8,81.1,91.7,159.8,103556.5,34741.2,3091.1,2269.4,44.8,1999,World Values Survey Wave 1-4 (1981-2004),0.152,0.086,0.153,0.524,24,NA,0.72,6.96,0.67,0.62,0.97,0.60,0.61,0.28,1.59
IND,India,Southern Asia,1252140.0,5757534.0,1858740.1,4735.0,1532.9,0.554,41.7,29.9,92.5,42.1,226345.5,118166.6,28199.4,1678.7,52.5,2006,World Values Survey Wave 5 (2005-2008),0.418,0.913,0.427,0.326,90,33.9,0.35,7.52,-1.25,-0.18,-0.47,-0.10,0.48,-0.57,2.56
IDN,Indonesia,South-Eastern Asia,249866.0,2058129.8,878043.0,8538.6,3511.2,0.629,58.0,34.2,86.5,43.1,205656.3,11626.6,18444.0,3676.0,16.9,2006,East-Asian barometer 2005-2008,0.735,0.815,0.138,0.234,99,38.1,0.03,6.76,-0.57,-0.29,-0.28,-0.60,0.52,-0.66,2.29
IRN,Iran (Islamic Republic of),Southern Asia,77447.0,1314235.6,552397.3,17488.2,7668.8,0.742,29.5,33.3,69.3,27.5,37312.9,3345.0,3049.9,380.0,21.8,2005,World Values Survey Wave 5 (2005-2008),0.668,0.705,0.512,0.115,NA,NA,-1.57,1.98,-1.32,-0.54,-1.43,-0.90,0.44,-0.82,2.73
IRQ,Iraq,Western Asia,33765.0,371045.6,215837.9,11129.6,4793.7,0.59,NA,30.9,56.3,70.1,12615.7,1546.6,2852.0,537.7,66.7,2013,World Values Survey Wave 6 (2010-2014),0.369,0.728,0.328,0.484,84,NA,-1.13,4.10,-1.93,-1.11,-1.27,-1.50,NA,-1.23,4.03
IRL,Ireland,Northern Europe,4627.0,196554.5,210636.3,42942.1,49382.9,0.916,93.7,91.6,90.9,85.1,298088.2,357626.1,35519.7,22851.7,72.1,1999,World Values Survey Wave 1-4 (1981-2004),0.121,0.067,0.028,0.155,54,NA,1.32,8.56,0.93,1.53,1.56,1.73,NA,1.45,1.49
ISR,Israel,Western Asia,7733.0,234209.0,257622.0,30168.0,33259.1,0.9,74.7,76.0,66.2,53.8,75943.6,74746.0,11803.8,4932.2,48.3,2001,World Values Survey Wave 1-4 (1981-2004),0.344,0.665,0.407,0.347,51,NA,0.61,7.53,-1.07,1.25,1.16,0.92,NA,0.83,2.57
ITA,Italy,Southern Europe,60990.0,2056688.9,2013375.3,33869.7,36180.0,0.881,70.3,77.9,97.7,48.9,356887.3,565084.7,16507.8,31662.6,60.8,2005,World Values Survey Wave 5 (2005-2008),0.115,0.470,0.039,0.303,72,NA,0.89,7.74,0.50,0.41,0.73,0.36,0.63,-0.03,1.84
JAM,Jamaica,Caribbean,2784.0,22944.3,14755.1,8329.2,5248.3,0.73,67.0,47.1,74.1,56.3,11580.6,397.1,567.1,-1.6,NA,NA,NA,0.413,0.011,0.011,0.616,NA,NA,0.43,7.39,0.10,-0.02,0.23,-0.41,0.53,-0.36,3.00
JPN,Japan,Eastern Asia,127144.0,4379753.1,5961065.5,34262.1,46131.4,0.912,45.4,66.6,90.0,28.3,205361.1,1054927.8,2303.7,135748.8,79.1,2010,World Values Survey Wave 6 (2010-2014),0.012,0.036,0.014,0.541,24,NA,1.09,8.08,0.94,1.40,1.12,1.32,0.78,1.61,1.13
JOR,Jordan,Western Asia,6318.0,69797.1,31015.2,11169.3,4615.2,0.7,67.8,59.1,86.9,92.1,24775.1,509.3,1798.5,15.6,26.4,2014,World Values Survey Wave 6 (2010-2014),0.593,0.496,0.051,0.066,NA,35.4,-0.73,3.76,-0.52,-0.04,0.18,0.37,0.57,0.07,1.92
KAZ,Kazakhstan,Central Asia,16441.0,343914.8,203520.6,20772.1,11358.0,0.754,64.2,43.1,68.9,67.2,106920.4,20979.1,9738.5,1948.1,76.7,2011,World Values Survey Wave 6 (2010-2014),0.617,0.699,0.521,0.590,43,29.0,-1.15,2.95,-0.37,-0.44,-0.39,-0.66,0.47,-0.88,2.43
KEN,Kenya,Eastern Africa,44354.0,88893.2,40697.2,2136.4,825.0,0.519,41.0,27.3,82.9,55.1,2875.9,315.6,514.4,5.6,20.0,2005,Globalbarometer - Round 1,0.859,0.928,0.472,0.777,NA,NA,-0.30,4.71,-1.29,-0.55,-0.31,-0.87,0.43,-1.10,3.01
PRK,Korea. PDR,Eastern Asia,24895.0,NA,NA,NA,NA,NA,NA,NA,27.4,NA,1609.9,0.0,227.0,0.0,NA,NA,NA,0.039,0.000,0.000,0.489,NA,NA,-2.17,1.08,-0.10,-1.93,-2.53,-1.25,NA,-1.37,3.36
KOR,Korea. Republic,Eastern Asia,49263.0,1445332.5,1129598.3,29034.8,22388.3,0.909,59.9,52.0,90.1,94.5,147230.0,196410.0,12220.7,29172.2,53.5,2010,World Values Survey Wave 6 (2010-2014),0.002,0.007,0.003,0.660,43,NA,0.69,8.13,0.17,1.20,0.89,0.97,0.77,0.47,1.58
KSV,Kosovo,Southern Europe,1807.0,NA,6445.2,NA,NA,NA,NA,NA,NA,NA,NA,NA,NA,NA,NA,NA,NA,NA,NA,NA,NA,NA,NA,-0.22,NA,-1.15,-0.39,-0.04,-0.56,NA,-0.62,2.40
KWT,Kuwait,Western Asia,3369.0,257709.7,183242.6,84058.2,52378.6,0.79,66.0,81.2,61.3,80.2,12766.7,24501.2,2329.0,8377.2,59.2,2013,World Values Survey Wave 6 (2010-2014),0.660,0.556,0.031,0.675,91,NA,-0.62,3.78,0.18,-0.08,-0.05,0.38,NA,-0.16,2.01
KGZ,Kyrgyzstan,Central Asia,5548.0,16106.0,6474.8,3062.2,1178.4,0.622,66.5,41.4,65.3,112.2,2757.8,1.7,757.6,0.0,77.2,2011,World Values Survey Wave 6 (2010-2014),0.675,0.670,0.481,0.447,72,33.4,-0.64,4.69,-0.89,-0.66,-0.35,-1.15,0.45,-1.09,2.91
LAO,Lao People's Dem. Republic,South-Eastern Asia,6770.0,26229.2,9417.7,4107.9,1262.4,0.543,NA,21.9,34.5,54.2,2482.9,NA,296.0,-7.0,NA,NA,NA,0.514,0.692,0.466,0.545,NA,NA,-1.58,2.32,0.04,-0.88,-0.84,-0.83,NA,-1.04,1.98
LVA,Latvia,Northern Europe,2050.0,41130.8,28372.6,19993.6,13657.7,0.814,78.0,71.4,57.5,109.2,13254.2,1103.6,808.3,345.2,35.9,1999,World Values Survey Wave 1-4 (1981-2004),0.587,0.628,0.077,0.556,39,34.8,0.74,7.05,0.43,0.83,1.00,0.76,NA,0.15,1.94
LBN,Lebanon,Western Asia,4822.0,NA,42945.3,NA,NA,0.745,63.9,69.9,62.5,64.2,52884.5,8196.5,2832.7,690.4,29.5,2013,World Values Survey Wave 6 (2010-2014),0.131,0.161,0.144,0.789,87,NA,-0.42,5.05,-1.65,-0.34,-0.12,-0.75,0.51,-0.87,2.94
LSO,Lesotho,Southern Africa,2074.0,4672.8,2447.6,2129.9,1150.7,0.461,58.5,27.3,54.6,151.2,839.0,15.5,44.1,17.0,32.7,2005,Globalbarometer - Round 1,0.255,0.260,0.007,0.721,NA,NA,0.04,6.66,0.25,-0.38,-0.54,-0.29,NA,0.11,2.31
LBR,Liberia,Western Africa,4294.0,2218.9,1733.8,537.5,277.9,0.388,NA,22.7,44.6,88.0,7220.6,5699.0,1061.3,698.4,NA,NA,NA,0.908,0.899,0.142,0.488,NA,NA,-0.36,4.95,-0.47,-1.18,-1.05,-0.92,0.42,-0.57,2.49
LBY,Libya,Northern Africa,6202.0,NA,NA,NA,NA,0.769,NA,36.7,52.8,NA,16334.0,19255.0,702.0,180.0,25.6,2013,World Values Survey Wave 6 (2010-2014),0.792,0.496,0.038,0.057,NA,NA,-0.94,5.15,-1.56,-1.49,-1.66,-1.15,NA,-1.40,3.20
LTU,Lithuania,Northern Europe,3017.0,68196.7,42343.5,22521.3,14212.3,0.818,78.1,67.0,75.6,145.6,15795.6,2520.8,531.1,101.1,52.8,1999,World Values Survey Wave 1-4 (1981-2004),0.322,0.354,0.044,0.414,42,NA,0.91,7.24,0.75,0.83,1.10,0.81,NA,0.31,1.87
MKD,Macedonia. FYR,Southern Europe,2107.0,24614.1,9612.5,11957.3,5050.5,0.74,63.8,63.1,49.8,109.4,4958.9,105.3,333.9,-1.6,29.5,2001,World Values Survey Wave 1-4 (1981-2004),0.502,0.487,0.212,0.590,76,43.6,0.00,6.16,-0.44,-0.07,0.35,-0.24,0.58,0.02,2.19
MDG,Madagascar,Eastern Africa,22925.0,30095.7,9975.1,1411.9,469.7,0.483,39.7,21.7,65.3,45.6,5808.8,6.4,837.5,0.0,65.6,2005,Globalbarometer - Round 1,0.879,0.765,0.051,0.519,NA,44.1,-0.85,3.93,-0.57,-1.08,-0.58,-0.89,0.45,-0.61,2.49
MWI,Malawi,Eastern Africa,16363.0,14960.1,4263.8,972.6,476.1,0.418,41.4,26.3,63.3,85.6,1166.9,72.0,118.4,47.2,14.9,2005,Globalbarometer - Round 1,0.674,0.668,0.067,0.819,99,43.9,-0.23,6.08,-0.01,-0.50,-0.71,-0.24,0.51,-0.45,2.51
MYS,Malaysia,South-Eastern Asia,29717.0,606097.9,305032.7,20925.9,9979.3,0.769,80.8,74.6,85.0,139.0,132399.7,120395.8,12305.7,13600.5,17.0,2011,World Values Survey Wave 6 (2010-2014),0.588,0.761,0.525,0.666,96,46.2,-0.34,6.41,0.00,1.01,0.55,0.51,0.58,0.30,1.68
MLI,Mali,Western Africa,15302.0,23904.1,10387.7,1509.1,672.2,0.344,50.4,22.5,76.6,49.1,2785.6,26.1,410.3,9.4,44.8,2007,World Values Survey Wave 5 (2005-2008),0.691,0.864,0.303,0.182,95,33.0,-0.55,5.12,-1.98,-0.99,-0.42,-0.69,NA,-0.76,2.62
MRT,Mauritania,Western Africa,3890.0,11301.8,4199.1,3191.2,1295.1,0.467,64.8,25.4,48.3,126.2,4154.9,39.2,1154.1,4.2,NA,NA,NA,0.615,0.250,0.170,0.015,98,NA,-0.94,4.17,-1.13,-0.91,-0.64,-0.87,NA,-0.60,2.82
MEX,Mexico,Central America,122332.0,1894552.0,1178126.2,16377.1,10115.0,0.775,61.6,33.1,18.0,63.8,314968.0,137684.4,38285.7,12937.5,25.0,2012,World Values Survey Wave 6 (2010-2014),0.542,0.108,0.127,0.180,73,47.2,0.09,6.90,-0.67,0.32,0.47,-0.56,0.45,-0.41,3.31
MDA,Moldova. Rep.,Eastern Europe,3487.0,14878.0,7252.8,4179.2,1970.5,0.66,64.8,77.2,32.9,101.7,3338.8,108.2,231.3,28.2,36.7,2006,World Values Survey Wave 5 (2005-2008),0.554,0.590,0.122,0.560,72,33.0,-0.09,6.32,0.02,-0.55,-0.11,-0.36,0.45,-0.60,2.28
MNG,Mongolia,Eastern Asia,2839.0,23359.0,10271.4,8718.7,3700.5,0.675,73.3,58.5,66.6,108.3,13151.0,1210.0,2046.8,50.3,21.4,2006,East-Asian barometer 2005-2008,0.368,0.187,0.054,0.080,NA,NA,0.02,6.35,0.45,-0.63,-0.17,-0.38,0.51,-0.52,2.18
MAR,Morocco,Northern Africa,33008.0,218283.4,95981.6,6763.7,3074.1,0.591,54.8,56.7,89.5,68.3,48175.5,2422.8,3358.4,331.5,26.2,2011,World Values Survey Wave 6 (2010-2014),0.484,0.472,0.062,0.004,97,NA,-0.61,4.07,-0.46,-0.04,-0.09,-0.19,0.51,-0.41,2.12
MOZ,Mozambique,Eastern Africa,25834.0,22754.0,14243.7,950.9,524.4,0.327,51.7,28.5,65.3,76.5,12631.7,14.6,5935.1,-0.3,56.0,2005,Globalbarometer - Round 1,0.693,0.936,0.029,0.676,NA,NA,-0.18,4.88,0.35,-0.64,-0.46,-0.60,NA,-0.59,2.24
MMR,Myanmar,South-Eastern Asia,53259.0,192055.4,NA,3180.8,913.8,0.498,47.4,15.8,34.3,NA,11910.2,0.0,2621.0,NA,NA,NA,NA,0.506,0.519,0.254,0.197,NA,NA,-1.65,2.35,-0.96,-1.53,-1.87,-1.35,0.41,-1.12,2.82
NAM,Namibia,Southern Africa,2303.0,19429.1,13072.3,8360.2,5369.1,0.608,59.6,41.4,64.7,83.0,3490.7,47.2,699.1,-8.2,57.8,2006,Globalbarometer - Round 1,0.633,0.816,0.488,0.663,NA,NA,0.39,6.24,0.94,0.12,0.06,0.24,NA,0.32,2.23
NPL,Nepal,Southern Asia,27797.0,58856.3,NA,2221.5,739.1,0.463,27.6,27.1,71.1,39.3,440.1,0.0,73.6,NA,NA,NA,NA,0.663,0.756,0.333,0.142,93,32.8,-0.70,4.16,-1.38,-0.99,-0.81,-0.79,0.50,-0.83,2.49
NLD,Netherlands,Western Europe,16759.0,720274.5,770060.4,43149.6,49888.0,0.921,91.2,90.3,93.0,161.8,572986.2,975552.3,24388.9,37431.5,134.1,2012,World Values Survey Wave 6 (2010-2014),0.105,0.301,0.137,0.722,NA,NA,1.63,8.99,1.17,1.80,1.75,1.84,0.83,2.13,1.49
NZL,New Zealand,Oceania,4506.0,137610.9,171281.1,31171.8,36590.9,0.919,82.1,73.7,81.7,44.1,81428.9,19051.6,986.5,691.3,113.2,2011,World Values Survey Wave 6 (2010-2014),0.397,0.280,0.095,0.811,NA,NA,1.64,9.26,1.36,1.79,1.84,1.88,0.83,2.32,1.26
NIC,Nicaragua,Central America,6080.0,24228.4,10507.4,4110.8,1635.0,0.599,64.4,45.2,57.4,81.2,6475.7,0.0,848.7,64.3,46.1,2008,Latinobar½metro 1995-2008,0.484,0.068,0.081,0.429,84,NA,-0.53,5.56,-0.37,-0.89,-0.30,-0.74,0.43,-0.78,2.29
NER,Niger,Western Africa,17831.0,13684.8,6773.2,851.6,399.0,0.304,35.9,24.3,71.6,65.0,4049.1,24.9,631.4,-6.7,NA,NA,NA,0.652,0.640,0.540,0.201,99,NA,-0.40,4.16,-1.17,-0.70,-0.61,-0.74,NA,-0.69,2.73
NGA,Nigeria,Western Africa,173615.0,511133.7,459615.9,3146.0,1520.4,0.471,63.8,25.6,91.2,62.8,76369.0,7407.0,5609.0,1237.0,30.0,2011,World Values Survey Wave 6 (2010-2014),0.851,0.891,0.463,0.742,96,48.8,-0.73,3.77,-2.05,-1.00,-0.72,-1.18,0.39,-1.13,3.58
NOR,Norway,Northern Europe,5043.0,306487.0,500029.9,61879.1,99034.9,0.955,74.6,84.6,91.8,49.4,191103.4,216083.1,9329.7,17913.4,148.0,2007,World Values Survey Wave 5 (2005-2008),0.059,0.067,NA,0.205,NA,NA,1.75,9.93,1.31,1.89,1.53,1.95,0.88,2.24,1.36
OMN,Oman,Western Asia,3632.0,140441.5,78110.8,42618.8,21233.9,0.731,75.0,56.8,45.6,103.7,17240.0,5387.0,1625.5,1383.6,NA,NA,NA,0.437,0.702,0.269,0.432,NA,NA,-0.96,3.26,0.47,0.26,0.47,0.58,NA,0.08,2.04
PAK,Pakistan,Southern Asia,182143.0,788129.2,225143.3,4449.9,1254.7,0.515,36.1,37.0,89.4,30.5,25394.8,1524.3,1307.0,237.0,48.4,2012,World Values Survey Wave 6 (2010-2014),0.710,0.795,0.091,0.385,92,NA,-0.87,4.57,-2.68,-0.79,-0.73,-0.91,0.36,-1.06,3.42
PSE,Palestinian Territories,Western Asia,4326.0,15979.0,NA,3833.0,2344.8,0.67,NA,53.7,7.6,NA,2572.4,190.5,177.2,-1.7,42.4,2013,World Values Survey Wave 6 (2010-2014),NA,0.208,0.015,0.310,NA,35.5,-1.02,4.80,-1.94,-0.75,0.11,-0.46,NA,-0.78,NA
PAN,Panama,Central America,3864.0,57229.7,36252.5,15368.5,8410.8,0.78,81.2,59.5,61.6,108.7,28903.4,37747.3,4651.3,281.0,45.9,2008,Latinobar½metro 1995-2008,0.553,0.266,0.322,0.334,88,51.9,0.45,7.08,-0.15,0.31,0.39,-0.23,0.50,-0.39,2.33
PNG,Papua New Guinea,Melanesia,7321.0,NA,15653.9,NA,NA,0.466,72.0,24.3,60.7,76.7,4595.8,226.2,18.2,0.0,NA,NA,NA,0.272,0.988,0.598,0.552,NA,NA,-0.04,6.32,-0.64,-0.77,-0.52,-0.86,NA,-1.04,2.69
PRY,Paraguay,South America,6802.0,47232.7,25502.1,7192.7,3836.3,0.669,53.5,47.5,77.8,73.5,3936.2,237.8,382.4,0.0,22.7,2008,Latinobar½metro 1995-2008,0.169,0.587,0.322,0.212,92,52.4,-0.15,6.26,-0.84,-0.90,-0.32,-0.87,NA,-0.84,2.53
PER,Peru,South America,30376.0,327222.4,203790.3,10981.5,6065.6,0.741,76.0,42.3,85.5,43.3,63448.2,3986.2,10172.3,135.5,17.9,2012,World Values Survey Wave 6 (2010-2014),0.657,0.322,0.350,0.199,84,48.1,0.07,6.47,-0.86,-0.16,0.49,-0.61,0.49,-0.39,2.70
PHL,Philippines,South-Eastern Asia,98394.0,543655.1,250182.0,5772.2,2379.3,0.654,54.4,40.9,85.6,46.9,31027.0,8952.5,3859.8,3642.1,6.8,2012,World Values Survey Wave 6 (2010-2014),0.239,0.843,0.090,0.306,96,43.0,-0.04,6.30,-1.16,0.08,-0.06,-0.55,0.50,-0.58,2.89
POL,Poland,Eastern Europe,38217.0,838048.3,489795.5,21753.0,13381.5,0.821,72.9,78.6,90.1,77.5,230603.6,57525.2,-6037.7,-4851.9,46.6,2012,World Values Survey Wave 6 (2010-2014),0.118,0.065,0.006,0.171,75,32.7,1.06,7.12,1.03,0.66,0.96,0.74,0.67,0.59,1.49
PRT,Portugal,Southern Europe,10608.0,272678.0,212137.6,25671.8,22396.5,0.816,84.1,84.7,94.4,61.4,117161.4,71260.8,3114.0,1426.8,21.9,1999,World Values Survey Wave 1-4 (1981-2004),0.047,0.058,0.011,0.144,NA,NA,0.99,7.92,0.75,1.03,0.81,1.04,0.66,0.93,1.59
PRI,Puerto Rico,Caribbean,3667.0,NA,101495.8,NA,NA,NA,NA,72.8,3.2,NA,NA,NA,NA,NA,45.8,2001,World Values Survey Wave 1-4 (1981-2004),NA,0.050,0.006,0.495,NA,NA,0.66,NA,0.63,0.41,0.92,0.81,NA,0.57,NA
QAT,Qatar,Western Asia,2169.0,258067.7,192390.1,146520.7,97090.7,0.834,80.1,64.9,74.4,85.5,30804.1,20412.5,-840.4,8021.4,42.9,2010,World Values Survey Wave 6 (2010-2014),0.746,0.608,0.545,0.095,NA,NA,-0.79,3.18,1.21,0.95,0.80,1.03,NA,1.19,1.47
ROU,Romania,Eastern Europe,21699.0,344779.4,169396.1,16145.6,8549.2,0.786,64.1,67.5,90.6,75.5,74170.8,1417.3,3616.8,119.5,16.3,2012,World Values Survey Wave 6 (2010-2014),0.307,0.167,0.134,0.237,84,27.4,0.30,6.54,0.07,-0.31,0.54,0.02,0.59,-0.27,1.77
RUS,Russian Federation,Eastern Europe,142834.0,3216934.8,2014774.9,22502.2,13297.6,0.788,51.6,64.8,85.7,42.9,508890.0,413159.0,79262.0,94907.0,61.6,2011,World Values Survey Wave 6 (2010-2014),0.245,0.251,0.183,0.440,34,40.1,-0.96,3.74,-0.82,-0.43,-0.36,-0.82,0.45,-1.01,3.34
RWA,Rwanda,Eastern Africa,11777.0,14628.6,7103.0,1336.8,579.2,0.434,38.5,25.1,70.2,34.8,742.8,12.9,110.8,13.5,33.2,2012,World Values Survey Wave 6 (2010-2014),0.324,0.004,0.001,0.507,95,50.8,-1.24,3.36,-0.21,-0.06,-0.10,-0.26,NA,0.66,2.79
SAU,Saudi Arabia,Western Asia,28829.0,1366703.5,711049.6,48163.5,23593.8,0.782,66.4,72.6,62.3,74.6,199032.0,34359.9,9298.0,4943.0,105.8,2003,World Values Survey Wave 1-4 (1981-2004),0.180,0.626,0.191,0.127,93,NA,-1.80,1.71,-0.46,0.03,0.10,0.24,NA,-0.06,2.27
SEN,Senegal,Western Africa,14133.0,28638.0,14045.8,2243.0,1123.2,0.47,42.9,33.8,87.4,63.7,2345.7,352.9,298.3,32.2,54.2,2005,Globalbarometer - Round 1,0.694,0.784,0.076,0.150,96,40.3,-0.05,6.09,-0.10,-0.46,-0.10,-0.33,0.54,-0.32,2.39
SRB,Serbia,Southern Europe,9511.0,86050.3,37488.9,11854.3,6027.1,0.769,56.7,64.6,71.7,81.0,28678.4,2359.9,1377.4,37.0,38.2,2006,World Values Survey Wave 5 (2005-2008),0.574,0.497,0.112,NA,54,29.6,0.17,6.33,-0.22,-0.11,-0.08,-0.39,0.51,-0.31,2.06
SLE,Sierra Leone,Western Africa,6092.0,8212.3,3796.0,1369.3,490.5,0.359,53.1,20.3,66.6,63.2,1912.9,0.0,579.1,0.0,NA,NA,NA,0.819,0.845,0.245,0.540,NA,35.4,-0.36,4.71,-0.27,-1.21,-0.71,-0.87,0.44,-0.94,2.22
SGP,Singapore,South-Eastern Asia,5412.0,374760.2,276520.0,72295.9,51241.7,0.895,96.7,91.6,73.1,286.9,682395.7,401426.1,63772.3,26966.6,74.8,2012,World Values Survey Wave 6 (2010-2014),0.386,0.756,0.515,0.656,70,NA,0.08,5.88,1.34,2.15,1.96,1.77,0.79,2.15,1.49
SVK,Slovak Republic,Eastern Europe,5450.0,135652.7,91347.8,25129.7,17762.4,0.84,84.6,81.3,85.4,174.7,55815.9,4412.6,591.0,-422.4,33.4,1999,World Values Survey Wave 1-4 (1981-2004),0.254,0.231,0.196,0.566,NA,26.0,0.96,7.35,1.06,0.83,1.03,0.46,NA,0.07,1.64
SVN,Slovenia,Southern Europe,2072.0,57799.6,45378.4,28156.4,24480.3,0.892,76.2,72.7,83.8,141.3,15526.0,7795.9,-678.6,58.5,41.8,2011,World Values Survey Wave 6 (2010-2014),0.222,0.160,0.210,0.287,47,NA,0.98,7.88,0.92,1.02,0.61,0.98,0.65,0.81,1.31
SOM,Somalia,Eastern Africa,10496.0,NA,NA,NA,NA,NA,NA,20.2,29.6,NA,775.5,0.0,107.1,NA,NA,NA,NA,0.812,0.404,0.025,0.003,NA,NA,-2.23,NA,-2.89,-2.23,-2.26,-2.45,NA,-1.59,4.02
ZAF,South Africa,Southern Africa,52776.0,611138.8,384312.7,12111.4,7962.8,0.629,65.1,50.1,87.5,54.6,138964.0,82366.8,8187.9,5619.9,47.1,2010,World Values Survey Wave 6 (2010-2014),0.752,0.877,0.394,0.860,85,63.1,0.56,7.79,0.00,0.33,0.38,0.08,0.55,-0.15,3.00
SSD,South Sudan,Eastern Africa,11296.0,NA,10220.3,NA,NA,NA,NA,NA,NA,NA,NA,NA,NA,NA,NA,NA,NA,NA,0.927,NA,NA,NA,45.5,-1.26,NA,-1.22,-1.59,-1.50,-1.39,NA,-1.34,3.18
ESP,Spain,Southern Europe,46927.0,1483223.7,1322114.9,32156.5,31534.5,0.885,78.5,82.6,96.2,47.2,634539.1,627211.7,39166.6,26035.0,41.0,2011,World Values Survey Wave 6 (2010-2014),0.417,0.277,0.046,0.451,49,NA,1.04,8.02,-0.01,1.11,0.94,1.04,0.67,1.05,1.64
LKA,Sri Lanka,Southern Asia,21273.0,169263.2,59423.0,8110.7,2835.5,0.715,40.9,43.4,77.7,48.1,6765.0,520.2,915.6,65.1,NA,NA,NA,0.415,0.319,0.306,0.485,99,36.4,-0.60,5.75,-0.71,-0.24,-0.12,-0.11,0.52,-0.24,2.51
SDN,Sudan,Northern Africa,37964.0,152425.6,58768.8,3608.0,1656.0,0.414,28.1,18.9,55.4,20.8,30368.2,0.0,3094.4,915.3,NA,NA,NA,0.715,0.331,0.457,0.431,93,35.3,-1.78,2.38,-2.27,-1.46,-1.51,-1.21,NA,-1.51,3.51
SWE,Sweden,Northern Europe,9571.0,394624.7,523942.3,41761.4,56704.4,0.916,85.1,84.4,94.9,63.9,376181.4,406851.3,8149.5,33281.4,122.9,2011,World Values Survey Wave 6 (2010-2014),0.060,0.153,0.088,0.234,17,NA,1.71,9.73,1.16,1.94,1.89,1.93,0.85,2.31,1.22
CHE,Switzerland,Western Europe,8078.0,405921.2,631173.0,51582.2,83854.1,0.913,75.1,90.9,93.2,67.1,665595.7,1129376.0,-5252.1,59961.0,107.4,2007,World Values Survey Wave 5 (2005-2008),0.531,0.556,0.079,0.608,41,NA,1.67,9.09,1.40,1.88,1.66,1.81,NA,2.15,1.22
SYR,Syrian Arab Republic,Western Asia,21898.0,NA,NA,NA,NA,0.648,43.4,39.3,54.2,NA,9938.8,420.6,NA,NA,NA,NA,NA,0.540,0.527,0.203,0.431,89,NA,-1.79,1.63,-2.69,-1.22,-1.56,-1.10,NA,-1.17,4.07
TWN,Taiwan (China),Eastern Asia,2336.0,907144.0,NA,39059.1,20030.4,NA,NA,NA,NA,NA,59359.0,226093.0,3688.0,14344.0,62.6,2012,World Values Survey Wave 6 (2010-2014),NA,0.489,0.076,NA,NA,NA,0.82,7.57,0.89,1.14,1.19,1.04,NA,0.72,1.53
TJK,Tajikistan,Central Asia,8208.0,17287.0,7632.6,2242.6,846.3,0.622,46.9,30.8,63.1,67.3,1282.5,0.0,107.8,NA,NA,NA,NA,0.511,0.485,0.360,0.339,85,30.8,-1.37,2.51,-1.16,-0.93,-1.01,-1.18,NA,-1.18,2.67
TZA,Tanzania (United Republic),Eastern Africa,49253.0,71835.7,28242.4,1554.3,516.6,0.476,42.0,20.8,59.0,58.8,10984.1,0.0,1872.4,0.0,27.6,2005,Globalbarometer - Round 1,0.735,0.855,0.149,0.633,89,NA,-0.22,5.88,0.03,-0.69,-0.40,-0.58,0.47,-0.85,2.36
THA,Thailand,South-Eastern Asia,67011.0,898963.0,365965.8,13298.9,5395.3,0.69,68.8,50.0,82.8,130.4,159124.6,52561.2,12945.6,6620.3,65.4,2010,World Values Survey Wave 6 (2010-2014),0.634,0.740,0.254,0.099,97,39.4,-0.34,6.55,-1.21,0.21,0.23,-0.17,0.52,-0.34,2.79
TGO,Togo,Western Africa,6817.0,8087.1,3813.8,1314.0,598.9,0.459,50.1,30.7,73.8,73.4,891.5,330.6,84.2,36.9,NA,NA,NA,0.710,0.898,0.060,0.660,NA,39.3,-1.02,3.45,-0.42,-1.32,-0.86,-0.92,NA,-0.99,2.41
TUN,Tunisia,Northern Africa,10997.0,109315.7,45662.0,10318.6,4340.2,0.712,60.6,40.4,84.7,90.8,33634.3,305.6,1095.6,21.5,34.0,2013,World Values Survey Wave 6 (2010-2014),0.039,0.012,0.005,0.010,93,36.1,-0.19,5.67,-0.73,-0.02,-0.21,-0.14,0.55,-0.18,2.46
TUR,Turkey,Western Asia,74933.0,1314896.5,789257.5,17780.9,10434.9,0.722,53.2,65.7,92.7,49.3,181066.0,30471.0,12866.0,3114.0,10.2,2007,World Values Survey Wave 5 (2005-2008),0.320,0.394,0.258,0.005,82,40.0,-0.24,5.76,-1.19,0.40,0.42,0.04,0.50,0.17,2.74
TKM,Turkmenistan,Central Asia,5240.0,NA,35164.2,NA,NA,0.698,NA,37.6,39.3,73.1,19999.0,0.0,3061.0,NA,NA,NA,NA,0.392,0.385,0.221,0.233,80,NA,-2.21,1.72,0.35,-1.29,-2.10,-1.38,NA,-1.34,2.69
UGA,Uganda,Eastern Africa,37579.0,55119.2,20032.2,1597.2,527.7,0.456,49.5,23.4,71.7,41.6,8190.7,0.0,1145.9,-0.5,33.8,2005,Globalbarometer - Round 1,0.930,0.924,0.461,0.633,93,44.3,-0.49,5.16,-0.89,-0.57,-0.24,-0.36,0.41,-0.95,2.61
UKR,Ukraine,Eastern Europe,45239.0,379139.8,176308.8,8295.2,3575.5,0.74,65.7,60.1,86.1,86.9,72804.0,9351.0,3771.0,420.0,52.8,2011,World Values Survey Wave 6 (2010-2014),0.474,0.420,0.066,0.616,46,25.6,-0.29,5.91,-0.10,-0.58,-0.61,-0.79,0.47,-1.03,2.41
ARE,United Arab Emirates,Western Asia,9346.0,503168.1,383799.2,60886.2,42182.0,0.818,85.0,81.7,55.3,135.5,95008.0,60274.0,10488.0,2905.2,NA,NA,NA,0.625,0.777,0.623,0.331,91,NA,-1.00,2.58,0.88,1.14,0.67,0.56,0.65,1.18,1.88
GBR,United Kingdom,Northern Europe,63136.0,2201439.3,2475782.0,35091.1,39241.3,0.875,72.3,86.1,96.2,46.4,1321351.6,1808167.4,37100.9,19440.0,61.7,2006,World Values Survey Wave 5 (2005-2008),0.121,0.144,0.044,0.694,27,NA,1.32,8.21,0.41,1.53,1.64,1.69,0.78,1.64,1.61
USA,United States of America,Northern America,320051.0,15533800.0,16244600.0,49782.1,49782.1,0.937,59.2,78.0,92.5,23.9,3931976.0,5191116.0,187528.0,338302.0,70.5,2011,World Values Survey Wave 6 (2010-2014),0.490,0.334,0.092,0.824,65,NA,1.12,8.11,0.63,1.51,1.29,1.60,0.71,1.38,1.90
URY,Uruguay,South America,3407.0,58687.9,49919.7,17343.0,13722.0,0.792,65.5,54.1,84.3,40.8,17900.3,333.7,2796.1,-15.9,37.1,2011,World Values Survey Wave 6 (2010-2014),0.250,0.078,0.007,0.355,NA,45.3,1.02,8.17,0.71,0.44,0.40,0.54,0.69,1.32,1.80
UZB,Uzbekistan,Central Asia,28934.0,NA,51112.7,NA,NA,0.654,NA,36.8,45.0,43.2,7854.5,0.0,1077.0,NA,29.4,2011,World Values Survey Wave 6 (2010-2014),0.413,0.426,0.263,0.213,51,NA,-1.98,1.72,-0.52,-0.94,-1.61,-1.27,0.45,-1.23,2.70
VEN,Venezuela (Bolivarian Republic of),South America,30405.0,500326.0,381286.2,16964.8,10731.1,0.748,43.4,49.0,66.9,41.3,49079.0,20870.0,7040.0,2152.0,48.5,2008,Latinobar½metro 1995-2008,0.497,0.043,0.024,0.135,79,NA,-0.92,5.15,-0.99,-1.14,-1.54,-1.69,0.31,-1.24,3.00
VNM,Viet Nam,South-Eastern Asia,91680.0,414339.1,155820.0,4717.0,1543.0,0.617,59.2,34.7,54.1,146.6,72530.3,0.0,8900.0,1956.0,104.1,2006,World Values Survey Wave 5 (2005-2008),0.238,0.267,0.161,0.508,NA,NA,-1.38,2.89,0.25,-0.29,-0.68,-0.50,0.48,-0.56,1.81
YEM,Yemen,Western Asia,24407.0,88565.8,35737.1,3716.1,1317.8,0.458,59.8,25.5,66.8,57.5,4688.0,660.3,-133.6,72.7,81.7,2013,World Values Survey Wave 6 (2010-2014),NA,0.578,0.065,0.002,99,NA,-1.39,3.12,-2.43,-1.28,-0.70,-1.27,NA,-1.23,3.38
ZMB,Zambia,Eastern Africa,14539.0,42509.9,20590.3,3154.7,1543.6,0.448,60.8,27.5,76.0,80.4,11994.0,2706.3,1810.9,180.5,28.1,2007,World Values Survey Wave 5 (2005-2008),0.781,0.829,0.035,0.746,NA,57.5,-0.16,6.26,0.61,-0.50,-0.43,-0.40,0.47,-0.36,2.26
ZWE,Zimbabwe,Eastern Africa,14150.0,17575.3,9802.4,1378.0,695.1,0.397,52.8,34.5,70.7,83.7,2601.0,356.2,400.0,27.0,24.9,2001,World Values Survey Wave 1-4 (1981-2004),0.387,0.518,0.060,0.736,88,NA,-1.45,2.67,-0.79,-1.21,-1.83,-1.62,0.34,-1.27,3.13